"#","Question","Filter","Begin","End"
"","A9.1","","",""
"","B3 nho ve fanpage","","",""
"","B10 diem nho qc","","",""
"","D2.2 khong thich","","",""
"","D2.1 thich","","",""
"","B7 xac nhan xem qc","","",""
"","B8 thay qc o dau","","",""
"","B9 nhan hieu trong doan qc","","",""
"","B11 thong diep","","",""
"","B12 muc do thich","","",""
"","B13 diem thich","","",""
"","B14 diem khong thich","","",""
"","B15 muc do doc dao khac biet","","",""
"","B16 diem doc dao khac biet","","",""
"","B17 muc do hap dan","","",""
"","B18 muc do phu hop","","",""
"","B20 muc do vui nhon","","",""
"","B21 muc do muon mua","","",""
"","B23 diem cai thien","","",""
